issue,repo,sha
103,0,c7d602fe027be33476208c2b8f21c201873d896e
103,0,c7d602fe027be33476208c2b8f21c201873d896e
102,0,5f30674eb6b1cf58be075a76c675cac40b6ea41d
101,0,82b77e48e0ce080ed6d9e64d0c58cc76c72f5603
101,0,82b77e48e0ce080ed6d9e64d0c58cc76c72f5603
101,0,82b77e48e0ce080ed6d9e64d0c58cc76c72f5603
95,0,4579da873fd03bc1137a993bfb579eff002c6657
95,0,4579da873fd03bc1137a993bfb579eff002c6657
95,0,4579da873fd03bc1137a993bfb579eff002c6657
95,0,4579da873fd03bc1137a993bfb579eff002c6657
98,0,ca3a0cac675f1723734381f214159f0ac3442ddb
98,0,ca3a0cac675f1723734381f214159f0ac3442ddb
100,0,c2469f089c532407967a459fdf3eb58663c901b7
100,0,c2469f089c532407967a459fdf3eb58663c901b7
93,0,54620916bb7e525fff4dcfe3bcdd67accb85eb13
91,0,2f1834c9fcef4e0b8695b59a7b05d1b898efe576
91,0,2f1834c9fcef4e0b8695b59a7b05d1b898efe576
91,0,2f1834c9fcef4e0b8695b59a7b05d1b898efe576
91,0,2f1834c9fcef4e0b8695b59a7b05d1b898efe576
91,0,2f1834c9fcef4e0b8695b59a7b05d1b898efe576
91,0,2f1834c9fcef4e0b8695b59a7b05d1b898efe576
91,0,2f1834c9fcef4e0b8695b59a7b05d1b898efe576
91,0,2f1834c9fcef4e0b8695b59a7b05d1b898efe576
91,0,2f1834c9fcef4e0b8695b59a7b05d1b898efe576
91,0,2f1834c9fcef4e0b8695b59a7b05d1b898efe576
91,0,2f1834c9fcef4e0b8695b59a7b05d1b898efe576
91,0,2f1834c9fcef4e0b8695b59a7b05d1b898efe576
91,0,2f1834c9fcef4e0b8695b59a7b05d1b898efe576
91,0,2f1834c9fcef4e0b8695b59a7b05d1b898efe576
91,0,2f1834c9fcef4e0b8695b59a7b05d1b898efe576
91,0,2f1834c9fcef4e0b8695b59a7b05d1b898efe576
91,0,2f1834c9fcef4e0b8695b59a7b05d1b898efe576
91,0,2f1834c9fcef4e0b8695b59a7b05d1b898efe576
91,0,2f1834c9fcef4e0b8695b59a7b05d1b898efe576
91,0,2f1834c9fcef4e0b8695b59a7b05d1b898efe576
91,0,2f1834c9fcef4e0b8695b59a7b05d1b898efe576
91,0,2f1834c9fcef4e0b8695b59a7b05d1b898efe576
91,0,2f1834c9fcef4e0b8695b59a7b05d1b898efe576
91,0,2f1834c9fcef4e0b8695b59a7b05d1b898efe576
91,0,2f1834c9fcef4e0b8695b59a7b05d1b898efe576
91,0,2f1834c9fcef4e0b8695b59a7b05d1b898efe576
91,0,2f1834c9fcef4e0b8695b59a7b05d1b898efe576
91,0,2f1834c9fcef4e0b8695b59a7b05d1b898efe576
91,0,2f1834c9fcef4e0b8695b59a7b05d1b898efe576
91,0,2f1834c9fcef4e0b8695b59a7b05d1b898efe576
91,0,2f1834c9fcef4e0b8695b59a7b05d1b898efe576
91,0,2f1834c9fcef4e0b8695b59a7b05d1b898efe576
91,0,2f1834c9fcef4e0b8695b59a7b05d1b898efe576
91,0,2f1834c9fcef4e0b8695b59a7b05d1b898efe576
91,0,2f1834c9fcef4e0b8695b59a7b05d1b898efe576
91,0,2f1834c9fcef4e0b8695b59a7b05d1b898efe576
91,0,2f1834c9fcef4e0b8695b59a7b05d1b898efe576
91,0,2f1834c9fcef4e0b8695b59a7b05d1b898efe576
91,0,2f1834c9fcef4e0b8695b59a7b05d1b898efe576
91,0,2f1834c9fcef4e0b8695b59a7b05d1b898efe576
91,0,2f1834c9fcef4e0b8695b59a7b05d1b898efe576
91,0,2f1834c9fcef4e0b8695b59a7b05d1b898efe576
91,0,2f1834c9fcef4e0b8695b59a7b05d1b898efe576
91,0,2f1834c9fcef4e0b8695b59a7b05d1b898efe576
91,0,2f1834c9fcef4e0b8695b59a7b05d1b898efe576
91,0,2f1834c9fcef4e0b8695b59a7b05d1b898efe576
91,0,2f1834c9fcef4e0b8695b59a7b05d1b898efe576
91,0,2f1834c9fcef4e0b8695b59a7b05d1b898efe576
91,0,2f1834c9fcef4e0b8695b59a7b05d1b898efe576
91,0,2f1834c9fcef4e0b8695b59a7b05d1b898efe576
91,0,2f1834c9fcef4e0b8695b59a7b05d1b898efe576
91,0,2f1834c9fcef4e0b8695b59a7b05d1b898efe576
91,0,2f1834c9fcef4e0b8695b59a7b05d1b898efe576
91,0,2f1834c9fcef4e0b8695b59a7b05d1b898efe576
91,0,2f1834c9fcef4e0b8695b59a7b05d1b898efe576
91,0,2f1834c9fcef4e0b8695b59a7b05d1b898efe576
91,0,2f1834c9fcef4e0b8695b59a7b05d1b898efe576
91,0,2f1834c9fcef4e0b8695b59a7b05d1b898efe576
91,0,2f1834c9fcef4e0b8695b59a7b05d1b898efe576
90,0,4cb2758b39eda44c4607e9cc741edeea140f2717
85,0,d62555fa0df2b546190613b09153b05a4b741657
85,0,d62555fa0df2b546190613b09153b05a4b741657
89,0,dd91d83e758c983e3c9964ddcc22bca7529d495f
89,0,dd91d83e758c983e3c9964ddcc22bca7529d495f
85,0,1ed7e0f97251e945bcc12a2dba270ffea93ffe91
85,0,1ed7e0f97251e945bcc12a2dba270ffea93ffe91
85,0,1ed7e0f97251e945bcc12a2dba270ffea93ffe91
87,0,bf5c1a00d039de4195b2097c0dbcf858d28c51a8
86,0,293d193365794d96c0b63832a209ce8cf9ba64a7
86,0,293d193365794d96c0b63832a209ce8cf9ba64a7
88,0,54bd04b7b477ae8b7d58658d61847c8e617639d8
88,0,54bd04b7b477ae8b7d58658d61847c8e617639d8
88,0,54bd04b7b477ae8b7d58658d61847c8e617639d8
70,0,c4b944e171bd3bd5e663fdd89e5bce60340d6b9c
70,0,c4b944e171bd3bd5e663fdd89e5bce60340d6b9c
79,0,e8b47bb1642bb1d49e335e0dd66dad90b491aeff
79,0,e8b47bb1642bb1d49e335e0dd66dad90b491aeff
79,0,e8b47bb1642bb1d49e335e0dd66dad90b491aeff
64,0,cf0e2cfe696f442c7fcdf5aa295c55e0452bbea9
64,0,cf0e2cfe696f442c7fcdf5aa295c55e0452bbea9
64,0,cf0e2cfe696f442c7fcdf5aa295c55e0452bbea9
79,0,a0c0dab4e90a6f10bde205684f930bb0d020c42e
79,0,a0c0dab4e90a6f10bde205684f930bb0d020c42e
79,0,a0c0dab4e90a6f10bde205684f930bb0d020c42e
80,0,c439d57d87cbc7ccf3ec48e6a71a9b7fe0785928
81,0,84313cf59e274c2eb7c8ef9b317b9061d88cc27a
77,0,178b47bd4ab6943140d56c2f83c76e5321b885f4
77,0,178b47bd4ab6943140d56c2f83c76e5321b885f4
75,0,8d101c4aa9753e1b48fe596ed03ed1237cefaa5e
75,0,8d101c4aa9753e1b48fe596ed03ed1237cefaa5e
75,0,8d101c4aa9753e1b48fe596ed03ed1237cefaa5e
74,0,d4c372dfd829600eb4983a47429b23cd5e851219
74,0,d4c372dfd829600eb4983a47429b23cd5e851219
74,0,d4c372dfd829600eb4983a47429b23cd5e851219
73,0,fcbf8519c0d41190f16040d9d82643c97305d1a6
73,0,fcbf8519c0d41190f16040d9d82643c97305d1a6
72,0,3d9101d0d9c457e275fcc1aa6a839cf86582429d
71,0,c2622140ba1954a626e9a1b37bc77ac2df365a91
69,0,091d5d73e81a6e2de711aa1b27897a6f0d8c3e2e
69,0,091d5d73e81a6e2de711aa1b27897a6f0d8c3e2e
69,0,091d5d73e81a6e2de711aa1b27897a6f0d8c3e2e
69,0,091d5d73e81a6e2de711aa1b27897a6f0d8c3e2e
70,0,a021958ffc349f23af8023ae91ff3428a009ad48
70,0,a021958ffc349f23af8023ae91ff3428a009ad48
68,0,2fcd82ec36694df5f66cb8d30329ae1cb31c0507
68,0,2fcd82ec36694df5f66cb8d30329ae1cb31c0507
67,0,9aafc4579d6bf0d7c7bc3944f41362855c01fb1d
66,0,74f323d027cba320f908727078f62548aeff6284
65,0,ffa8f3f2fe6e1933dfcdef42936357962db2e04a
64,0,3fe8cd0a1d8a312b6fa8c0dcb21fd6abd1211dfc
64,0,3fe8cd0a1d8a312b6fa8c0dcb21fd6abd1211dfc
64,0,3fe8cd0a1d8a312b6fa8c0dcb21fd6abd1211dfc
62,0,98745cd60097d2d02ab0828d9347b480b4b22242
62,0,98745cd60097d2d02ab0828d9347b480b4b22242
61,0,07d3f000e52c14f3d4a1ab7c2081366233cc438e
61,0,07d3f000e52c14f3d4a1ab7c2081366233cc438e
63,0,2bcc518a5ca301972c996ca1b3eaa97f060b942e
63,0,2bcc518a5ca301972c996ca1b3eaa97f060b942e
60,0,7f191876d1f7ca7dbdef6f89c10e295f60581ea7
60,0,7f191876d1f7ca7dbdef6f89c10e295f60581ea7
60,0,7f191876d1f7ca7dbdef6f89c10e295f60581ea7
60,0,7f191876d1f7ca7dbdef6f89c10e295f60581ea7
35,0,0cdc4b4b851a54528e9a12a0ac706ae89ce3076f
35,0,0cdc4b4b851a54528e9a12a0ac706ae89ce3076f
35,0,0cdc4b4b851a54528e9a12a0ac706ae89ce3076f
35,0,0cdc4b4b851a54528e9a12a0ac706ae89ce3076f
35,0,0cdc4b4b851a54528e9a12a0ac706ae89ce3076f
35,0,0cdc4b4b851a54528e9a12a0ac706ae89ce3076f
35,0,0cdc4b4b851a54528e9a12a0ac706ae89ce3076f
35,0,0cdc4b4b851a54528e9a12a0ac706ae89ce3076f
35,0,0cdc4b4b851a54528e9a12a0ac706ae89ce3076f
55,0,864f965cbade0ac955adb78dd56e898a66df0f7f
55,0,864f965cbade0ac955adb78dd56e898a66df0f7f
55,0,864f965cbade0ac955adb78dd56e898a66df0f7f
55,0,864f965cbade0ac955adb78dd56e898a66df0f7f
55,0,864f965cbade0ac955adb78dd56e898a66df0f7f
55,0,864f965cbade0ac955adb78dd56e898a66df0f7f
55,0,864f965cbade0ac955adb78dd56e898a66df0f7f
55,0,864f965cbade0ac955adb78dd56e898a66df0f7f
55,0,864f965cbade0ac955adb78dd56e898a66df0f7f
55,0,864f965cbade0ac955adb78dd56e898a66df0f7f
55,0,864f965cbade0ac955adb78dd56e898a66df0f7f
55,0,864f965cbade0ac955adb78dd56e898a66df0f7f
55,0,864f965cbade0ac955adb78dd56e898a66df0f7f
55,0,864f965cbade0ac955adb78dd56e898a66df0f7f
55,0,864f965cbade0ac955adb78dd56e898a66df0f7f
55,0,864f965cbade0ac955adb78dd56e898a66df0f7f
55,0,864f965cbade0ac955adb78dd56e898a66df0f7f
55,0,864f965cbade0ac955adb78dd56e898a66df0f7f
55,0,864f965cbade0ac955adb78dd56e898a66df0f7f
55,0,864f965cbade0ac955adb78dd56e898a66df0f7f
55,0,864f965cbade0ac955adb78dd56e898a66df0f7f
55,0,864f965cbade0ac955adb78dd56e898a66df0f7f
55,0,864f965cbade0ac955adb78dd56e898a66df0f7f
55,0,864f965cbade0ac955adb78dd56e898a66df0f7f
55,0,864f965cbade0ac955adb78dd56e898a66df0f7f
55,0,864f965cbade0ac955adb78dd56e898a66df0f7f
55,0,864f965cbade0ac955adb78dd56e898a66df0f7f
55,0,864f965cbade0ac955adb78dd56e898a66df0f7f
55,0,864f965cbade0ac955adb78dd56e898a66df0f7f
55,0,864f965cbade0ac955adb78dd56e898a66df0f7f
55,0,864f965cbade0ac955adb78dd56e898a66df0f7f
55,0,864f965cbade0ac955adb78dd56e898a66df0f7f
55,0,864f965cbade0ac955adb78dd56e898a66df0f7f
55,0,864f965cbade0ac955adb78dd56e898a66df0f7f
55,0,864f965cbade0ac955adb78dd56e898a66df0f7f
55,0,864f965cbade0ac955adb78dd56e898a66df0f7f
55,0,864f965cbade0ac955adb78dd56e898a66df0f7f
55,0,864f965cbade0ac955adb78dd56e898a66df0f7f
55,0,864f965cbade0ac955adb78dd56e898a66df0f7f
55,0,864f965cbade0ac955adb78dd56e898a66df0f7f
55,0,864f965cbade0ac955adb78dd56e898a66df0f7f
55,0,864f965cbade0ac955adb78dd56e898a66df0f7f
55,0,864f965cbade0ac955adb78dd56e898a66df0f7f
55,0,864f965cbade0ac955adb78dd56e898a66df0f7f
55,0,864f965cbade0ac955adb78dd56e898a66df0f7f
55,0,864f965cbade0ac955adb78dd56e898a66df0f7f
55,0,864f965cbade0ac955adb78dd56e898a66df0f7f
55,0,864f965cbade0ac955adb78dd56e898a66df0f7f
55,0,864f965cbade0ac955adb78dd56e898a66df0f7f
55,0,864f965cbade0ac955adb78dd56e898a66df0f7f
55,0,864f965cbade0ac955adb78dd56e898a66df0f7f
55,0,864f965cbade0ac955adb78dd56e898a66df0f7f
55,0,864f965cbade0ac955adb78dd56e898a66df0f7f
55,0,864f965cbade0ac955adb78dd56e898a66df0f7f
54,0,064a81a51a2632983e6ea58cfbb6972168053f7c
53,0,c093efcf0b4bbd4a23553094b1c648f7076e4c8f
53,0,c093efcf0b4bbd4a23553094b1c648f7076e4c8f
52,0,cacf33576103a9ff90b843be921481d54fb15fb1
52,0,cacf33576103a9ff90b843be921481d54fb15fb1
46,0,dbd6c4de765153d3384bba55800f653a263475c8
46,0,dbd6c4de765153d3384bba55800f653a263475c8
46,0,dbd6c4de765153d3384bba55800f653a263475c8
46,0,dbd6c4de765153d3384bba55800f653a263475c8
51,0,3ea2ca73e70939c46b3ee0d3513f304f7b17d3a4
51,0,3ea2ca73e70939c46b3ee0d3513f304f7b17d3a4
51,0,3ea2ca73e70939c46b3ee0d3513f304f7b17d3a4
51,0,251d4d8a38fd199007031f04fc26eb38dc38eee2
51,0,251d4d8a38fd199007031f04fc26eb38dc38eee2
51,0,251d4d8a38fd199007031f04fc26eb38dc38eee2
50,0,27297a76106d8ff03120bcb64d31e840989d7733
50,0,27297a76106d8ff03120bcb64d31e840989d7733
49,0,1294cd8e2978cf10adb4d1d30658e0caae5f6fbb
49,0,1294cd8e2978cf10adb4d1d30658e0caae5f6fbb
46,0,6945babc53b26d67bca8540dd8078d7509c31af0
46,0,6945babc53b26d67bca8540dd8078d7509c31af0
46,0,6945babc53b26d67bca8540dd8078d7509c31af0
46,0,6945babc53b26d67bca8540dd8078d7509c31af0
47,0,f98741af5b86f5c29c780a8157bdf051ee0cdf6b
47,0,f98741af5b86f5c29c780a8157bdf051ee0cdf6b
45,0,2347ee9cff23b96a5a6eeac72bb0b9388a1704b8
45,0,2347ee9cff23b96a5a6eeac72bb0b9388a1704b8
45,0,2347ee9cff23b96a5a6eeac72bb0b9388a1704b8
45,0,2347ee9cff23b96a5a6eeac72bb0b9388a1704b8
45,0,2347ee9cff23b96a5a6eeac72bb0b9388a1704b8
45,0,2347ee9cff23b96a5a6eeac72bb0b9388a1704b8
45,0,2347ee9cff23b96a5a6eeac72bb0b9388a1704b8
45,0,2347ee9cff23b96a5a6eeac72bb0b9388a1704b8
45,0,2347ee9cff23b96a5a6eeac72bb0b9388a1704b8
45,0,2347ee9cff23b96a5a6eeac72bb0b9388a1704b8
45,0,2347ee9cff23b96a5a6eeac72bb0b9388a1704b8
45,0,2347ee9cff23b96a5a6eeac72bb0b9388a1704b8
43,0,cc6c53091acd79b07443da0fe6ff7ffccf4f65d3
43,0,cc6c53091acd79b07443da0fe6ff7ffccf4f65d3
43,0,cc6c53091acd79b07443da0fe6ff7ffccf4f65d3
43,0,cc6c53091acd79b07443da0fe6ff7ffccf4f65d3
43,0,cc6c53091acd79b07443da0fe6ff7ffccf4f65d3
43,0,cc6c53091acd79b07443da0fe6ff7ffccf4f65d3
43,0,cc6c53091acd79b07443da0fe6ff7ffccf4f65d3
43,0,cc6c53091acd79b07443da0fe6ff7ffccf4f65d3
43,0,cc6c53091acd79b07443da0fe6ff7ffccf4f65d3
41,0,a54838324010dab26347d39c89e0282ce30cb7cd
41,0,a54838324010dab26347d39c89e0282ce30cb7cd
41,0,a54838324010dab26347d39c89e0282ce30cb7cd
41,0,a54838324010dab26347d39c89e0282ce30cb7cd
41,0,a54838324010dab26347d39c89e0282ce30cb7cd
40,0,c6b8c3e70c974ff494282cb3ed86de6631a62bd3
40,0,c6b8c3e70c974ff494282cb3ed86de6631a62bd3
40,0,c6b8c3e70c974ff494282cb3ed86de6631a62bd3
40,0,c6b8c3e70c974ff494282cb3ed86de6631a62bd3
39,0,391644402b3009a10ec37d5d69cd080c5b9255a5
37,0,8b546dcf5348b8c67b15e3b6188af48cbfa46817
37,0,8b546dcf5348b8c67b15e3b6188af48cbfa46817
37,0,8b546dcf5348b8c67b15e3b6188af48cbfa46817
37,0,8b546dcf5348b8c67b15e3b6188af48cbfa46817
37,0,8b546dcf5348b8c67b15e3b6188af48cbfa46817
36,0,429bf796e6c34bbc877717ff8fbfc22cce138f51
34,0,1e57ec44080d23f1e2284dba1b46ac59fa18687f
34,0,1e57ec44080d23f1e2284dba1b46ac59fa18687f
34,0,1e57ec44080d23f1e2284dba1b46ac59fa18687f
21,0,2899b723d8c41d6488626e8ccc250cb2eeece502
21,0,2899b723d8c41d6488626e8ccc250cb2eeece502
21,0,2899b723d8c41d6488626e8ccc250cb2eeece502
30,0,4a80ff0b552d51d50d6af872ba46ae1c9e86cf81
30,0,4a80ff0b552d51d50d6af872ba46ae1c9e86cf81
30,0,4a80ff0b552d51d50d6af872ba46ae1c9e86cf81
30,0,4a80ff0b552d51d50d6af872ba46ae1c9e86cf81
30,0,4a80ff0b552d51d50d6af872ba46ae1c9e86cf81
30,0,4a80ff0b552d51d50d6af872ba46ae1c9e86cf81
30,0,4a80ff0b552d51d50d6af872ba46ae1c9e86cf81
30,0,4a80ff0b552d51d50d6af872ba46ae1c9e86cf81
30,0,4a80ff0b552d51d50d6af872ba46ae1c9e86cf81
31,0,0548412f4d288f9af044e6ed24d26b30ebf05d20
31,0,0548412f4d288f9af044e6ed24d26b30ebf05d20
31,0,0548412f4d288f9af044e6ed24d26b30ebf05d20
31,0,0548412f4d288f9af044e6ed24d26b30ebf05d20
31,0,0548412f4d288f9af044e6ed24d26b30ebf05d20
31,0,0548412f4d288f9af044e6ed24d26b30ebf05d20
31,0,0548412f4d288f9af044e6ed24d26b30ebf05d20
31,0,0548412f4d288f9af044e6ed24d26b30ebf05d20
33,0,326dbeccc8fcc69216289c4d29e4ee33d0eadc52
33,0,326dbeccc8fcc69216289c4d29e4ee33d0eadc52
33,0,326dbeccc8fcc69216289c4d29e4ee33d0eadc52
29,0,05634a9a496014c1fd8a6bfaf8e814b4160d817d
29,0,05634a9a496014c1fd8a6bfaf8e814b4160d817d
29,0,05634a9a496014c1fd8a6bfaf8e814b4160d817d
29,0,05634a9a496014c1fd8a6bfaf8e814b4160d817d
29,0,05634a9a496014c1fd8a6bfaf8e814b4160d817d
29,0,05634a9a496014c1fd8a6bfaf8e814b4160d817d
29,0,05634a9a496014c1fd8a6bfaf8e814b4160d817d
29,0,05634a9a496014c1fd8a6bfaf8e814b4160d817d
29,0,05634a9a496014c1fd8a6bfaf8e814b4160d817d
29,0,05634a9a496014c1fd8a6bfaf8e814b4160d817d
29,0,05634a9a496014c1fd8a6bfaf8e814b4160d817d
29,0,05634a9a496014c1fd8a6bfaf8e814b4160d817d
29,0,05634a9a496014c1fd8a6bfaf8e814b4160d817d
29,0,05634a9a496014c1fd8a6bfaf8e814b4160d817d
29,0,05634a9a496014c1fd8a6bfaf8e814b4160d817d
29,0,05634a9a496014c1fd8a6bfaf8e814b4160d817d
29,0,05634a9a496014c1fd8a6bfaf8e814b4160d817d
29,0,05634a9a496014c1fd8a6bfaf8e814b4160d817d
29,0,05634a9a496014c1fd8a6bfaf8e814b4160d817d
29,0,05634a9a496014c1fd8a6bfaf8e814b4160d817d
29,0,05634a9a496014c1fd8a6bfaf8e814b4160d817d
29,0,05634a9a496014c1fd8a6bfaf8e814b4160d817d
29,0,05634a9a496014c1fd8a6bfaf8e814b4160d817d
29,0,05634a9a496014c1fd8a6bfaf8e814b4160d817d
29,0,05634a9a496014c1fd8a6bfaf8e814b4160d817d
29,0,05634a9a496014c1fd8a6bfaf8e814b4160d817d
29,0,05634a9a496014c1fd8a6bfaf8e814b4160d817d
29,0,05634a9a496014c1fd8a6bfaf8e814b4160d817d
29,0,05634a9a496014c1fd8a6bfaf8e814b4160d817d
29,0,05634a9a496014c1fd8a6bfaf8e814b4160d817d
29,0,05634a9a496014c1fd8a6bfaf8e814b4160d817d
29,0,05634a9a496014c1fd8a6bfaf8e814b4160d817d
29,0,05634a9a496014c1fd8a6bfaf8e814b4160d817d
29,0,05634a9a496014c1fd8a6bfaf8e814b4160d817d
29,0,05634a9a496014c1fd8a6bfaf8e814b4160d817d
29,0,05634a9a496014c1fd8a6bfaf8e814b4160d817d
29,0,05634a9a496014c1fd8a6bfaf8e814b4160d817d
29,0,05634a9a496014c1fd8a6bfaf8e814b4160d817d
29,0,05634a9a496014c1fd8a6bfaf8e814b4160d817d
29,0,05634a9a496014c1fd8a6bfaf8e814b4160d817d
29,0,05634a9a496014c1fd8a6bfaf8e814b4160d817d
29,0,05634a9a496014c1fd8a6bfaf8e814b4160d817d
29,0,05634a9a496014c1fd8a6bfaf8e814b4160d817d
29,0,05634a9a496014c1fd8a6bfaf8e814b4160d817d
29,0,05634a9a496014c1fd8a6bfaf8e814b4160d817d
29,0,05634a9a496014c1fd8a6bfaf8e814b4160d817d
29,0,05634a9a496014c1fd8a6bfaf8e814b4160d817d
29,0,05634a9a496014c1fd8a6bfaf8e814b4160d817d
29,0,05634a9a496014c1fd8a6bfaf8e814b4160d817d
29,0,05634a9a496014c1fd8a6bfaf8e814b4160d817d
29,0,05634a9a496014c1fd8a6bfaf8e814b4160d817d
29,0,05634a9a496014c1fd8a6bfaf8e814b4160d817d
29,0,05634a9a496014c1fd8a6bfaf8e814b4160d817d
29,0,05634a9a496014c1fd8a6bfaf8e814b4160d817d
29,0,05634a9a496014c1fd8a6bfaf8e814b4160d817d
29,0,05634a9a496014c1fd8a6bfaf8e814b4160d817d
29,0,05634a9a496014c1fd8a6bfaf8e814b4160d817d
29,0,05634a9a496014c1fd8a6bfaf8e814b4160d817d
29,0,05634a9a496014c1fd8a6bfaf8e814b4160d817d
29,0,05634a9a496014c1fd8a6bfaf8e814b4160d817d
29,0,05634a9a496014c1fd8a6bfaf8e814b4160d817d
29,0,05634a9a496014c1fd8a6bfaf8e814b4160d817d
29,0,05634a9a496014c1fd8a6bfaf8e814b4160d817d
29,0,05634a9a496014c1fd8a6bfaf8e814b4160d817d
29,0,05634a9a496014c1fd8a6bfaf8e814b4160d817d
29,0,05634a9a496014c1fd8a6bfaf8e814b4160d817d
29,0,05634a9a496014c1fd8a6bfaf8e814b4160d817d
29,0,05634a9a496014c1fd8a6bfaf8e814b4160d817d
29,0,05634a9a496014c1fd8a6bfaf8e814b4160d817d
29,0,05634a9a496014c1fd8a6bfaf8e814b4160d817d
29,0,05634a9a496014c1fd8a6bfaf8e814b4160d817d
29,0,05634a9a496014c1fd8a6bfaf8e814b4160d817d
29,0,05634a9a496014c1fd8a6bfaf8e814b4160d817d
29,0,05634a9a496014c1fd8a6bfaf8e814b4160d817d
29,0,05634a9a496014c1fd8a6bfaf8e814b4160d817d
29,0,05634a9a496014c1fd8a6bfaf8e814b4160d817d
29,0,05634a9a496014c1fd8a6bfaf8e814b4160d817d
29,0,05634a9a496014c1fd8a6bfaf8e814b4160d817d
29,0,05634a9a496014c1fd8a6bfaf8e814b4160d817d
29,0,05634a9a496014c1fd8a6bfaf8e814b4160d817d
29,0,05634a9a496014c1fd8a6bfaf8e814b4160d817d
29,0,05634a9a496014c1fd8a6bfaf8e814b4160d817d
29,0,05634a9a496014c1fd8a6bfaf8e814b4160d817d
29,0,05634a9a496014c1fd8a6bfaf8e814b4160d817d
29,0,05634a9a496014c1fd8a6bfaf8e814b4160d817d
29,0,05634a9a496014c1fd8a6bfaf8e814b4160d817d
29,0,05634a9a496014c1fd8a6bfaf8e814b4160d817d
29,0,05634a9a496014c1fd8a6bfaf8e814b4160d817d
29,0,05634a9a496014c1fd8a6bfaf8e814b4160d817d
29,0,05634a9a496014c1fd8a6bfaf8e814b4160d817d
29,0,05634a9a496014c1fd8a6bfaf8e814b4160d817d
29,0,05634a9a496014c1fd8a6bfaf8e814b4160d817d
29,0,05634a9a496014c1fd8a6bfaf8e814b4160d817d
29,0,05634a9a496014c1fd8a6bfaf8e814b4160d817d
29,0,05634a9a496014c1fd8a6bfaf8e814b4160d817d
29,0,05634a9a496014c1fd8a6bfaf8e814b4160d817d
29,0,05634a9a496014c1fd8a6bfaf8e814b4160d817d
29,0,05634a9a496014c1fd8a6bfaf8e814b4160d817d
29,0,05634a9a496014c1fd8a6bfaf8e814b4160d817d
29,0,05634a9a496014c1fd8a6bfaf8e814b4160d817d
29,0,05634a9a496014c1fd8a6bfaf8e814b4160d817d
29,0,05634a9a496014c1fd8a6bfaf8e814b4160d817d
29,0,05634a9a496014c1fd8a6bfaf8e814b4160d817d
29,0,05634a9a496014c1fd8a6bfaf8e814b4160d817d
29,0,05634a9a496014c1fd8a6bfaf8e814b4160d817d
29,0,05634a9a496014c1fd8a6bfaf8e814b4160d817d
29,0,05634a9a496014c1fd8a6bfaf8e814b4160d817d
29,0,05634a9a496014c1fd8a6bfaf8e814b4160d817d
29,0,05634a9a496014c1fd8a6bfaf8e814b4160d817d
29,0,05634a9a496014c1fd8a6bfaf8e814b4160d817d
29,0,05634a9a496014c1fd8a6bfaf8e814b4160d817d
29,0,05634a9a496014c1fd8a6bfaf8e814b4160d817d
29,0,05634a9a496014c1fd8a6bfaf8e814b4160d817d
29,0,05634a9a496014c1fd8a6bfaf8e814b4160d817d
29,0,05634a9a496014c1fd8a6bfaf8e814b4160d817d
29,0,05634a9a496014c1fd8a6bfaf8e814b4160d817d
29,0,05634a9a496014c1fd8a6bfaf8e814b4160d817d
29,0,05634a9a496014c1fd8a6bfaf8e814b4160d817d
29,0,05634a9a496014c1fd8a6bfaf8e814b4160d817d
27,0,b8fdf53d9b652218c75c26b7c3a7d6d48ea5096e
27,0,b8fdf53d9b652218c75c26b7c3a7d6d48ea5096e
25,0,8d1bc4e255a8be78750c71506e877d806f7359fa
25,0,8d1bc4e255a8be78750c71506e877d806f7359fa
