548,0,ebda1062cd5440c4d8c602c888d5497977f733e3
552,0,f05655fc2409cb04d8e384bbc7fadfa047a5fb9a
554,0,01d5388b9a9e84f7c5ac4ebc0ef6669ebdcd6801
556,0,3d04c82f9895778f6d6f8642222d0e37120ff329
558,0,0eb671e7cb4324437780e64a9d23cd66baf6b3ff
559,0,5142187d26acf1fca4e229e175a4153c6ad378d6
561,0,3739b37652ac3c5d588fd41b84cc73d4868ea980
564,0,86ea6fa6ee131067d5ec19b58c15261573bcacee
565,0,d6ae4ae4c89d1fe6c2290e7837dff85fe5d379ec
582,0,b69fcf34c8df9c78da2a9740ddd93d60a11a38e7
587,0,989396ebc3ef244c00e12917ade24dacd50dab0c
588,0,1fdc2b972a97f41606a3960a6fcde3a6020396f4
589,0,7a4b541f8b9f9e261c9e6f8b98e47a8ffcda8269
590,0,12145b7bfa2ca15dd48a82aec6d8ebd0223f2afc
591,0,468ad5929d913f6ed424a58dad454c89e1c5a06e
593,0,398a2eaf655e77b39fe71b644d95802c30749e0e
597,0,0e52d359d661d2fd95fa5c28058353f5d121173c
604,0,d034ebe2a1b9dbcca7afa74f0671f263c62a9d7b
608,0,781be434057128dfd434a1879963d6dd35fdf7b1
610,0,16a428379241a481c289cdda802de240dd997c2e
612,0,02fd2376942a788d953250ba34f740ac9228abe0
618,0,70d594cec595cab0f430c0d1bdca41a2770cbfea
622,0,13b2bf635a2195f2079c9d4afa8aad7db15736bf
623,0,a9c66cf2e6902b49f691ae06d74ab4525509e6fa
625,0,76703e9244c5143299ce4f13509292635f8c0ade
627,0,d6300a5ca611c059121fdaf0c54acd99772d48cc
632,0,bdfbf399d1f5682e35a2f0cd600d3764008fe8f1
637,0,52a33fecbe37ccf6b97f9637745bb03107349283
649,0,45690fbc42773415ef034419ed3f27d2974b78e1
652,0,00cc9fa8acc7c170a6b8ebb3d8f974c35b52ceba
653,0,ec9b3e234591d44297affa8418f4312ee3b4d5d8
654,0,c29b582ac18ba517a4f4ead7f3fc67bc501dd146
660,0,07713219e3a14e99063afaab6cfb726dfb17f318
668,0,92397c3112e0a1ed8ae46fcc9404ffec4e0ccaa7
672,0,5ed0ee0b93568f456869fc8bec58ccf45686284e
673,0,18236dc12e3f0fcc7b6ca8d5dc643f2e86e9cbc4
729,0,e45082dfbbbb93bf9c01faad5e72a26198bc73e3
731,0,ac8d7e6aae99a60ce8b71faa8fd210080f73d066
732,0,23dae5f81d0349d492a2e808f3ca8a8c82bcb6e1
734,0,32bdde5f86754776a4ad3e1f938ec70bc68cc369
735,0,97cfcdaa5cf2900db577a9639a1342bf960660fc
737,0,7803732fe0f46a8f3e162e582a13bd506b2f3962
746,0,db6c2473d37efac054dd9d0d4c097da3942e4dff
750,0,6d5eadcb8512ba675d3e7e2f8d04c7a6e4c5dca6
760,0,01f63433afbd0cbedba4ddb3946e8de0199a1219
761,0,ef0f36f981c8e5d81717108bd128e350fcbe38df
763,0,e76ea33068abdb8d027a44fdcf3067d49001beaa
764,0,8e8b82700e52b07c746f9acbd82fb8038d9c3543
765,0,ac4c154c358cb44eccb5fa973004782cd80a59eb
769,0,c5002b02cd1cb195c202b59a6ded17951fa423dc
771,0,6d546ec81795e1ceecb2cabde612d45c16a39a32
776,0,f1a70e816e8e9ba8d7495dd221b087739b1ef279
797,0,33f99d27d8acad1248de8417df9c443982da1d25
799,0,7a895d5ebc47738b22920b26b7f9794100018f14
802,0,02e84b4e550d6ba78e612f4c25477f2db858d793
803,0,bfe2373a3d91c2957b82e30a30dc288903d58eee
813,0,3d06b68e0e208ad92183c102653d9fc9a167e30c
816,0,f77703a040a3d12e60247af6321a3e20dae87c72
818,0,d954ca4d5899d00df2001ec877fc3ffe94ee28d8
819,0,fec8aebf1452ba0a07064c090bf1b620709d5ef5
837,0,34e7d00e4b5e2f8100712b28e348859dc185f42b
842,0,369c99b0539a509de3d51cb5bf9a03dd85bcc2e9
846,0,9e1f377c4f21b899d16f4c62450c68691f4b42a8
859,0,afdb4ed6eaae4e7bcd7caf45a5a90ce2031a02d5
861,0,b53da04d63554049e5b3895321b994c9c20b140a
866,0,d74313cd4989848ab8cb3106a22cc1c8378cde58
867,0,de49bcea2eb82b047ed99e5dae2190389e2a79e4
875,0,5a872b4517410def8b08290ebd0645b053be4e32
882,0,736b7944a1bcd1329049808ab77200342058fdfb
885,0,2fcf0cfc53ab03cb2742a2979c2cc6b6935034d3
886,0,5f04e2771954735e8c79189f9b11aaf5939f9195
888,0,4c7b80df408088a959bca12fe168ef4ffc039cdb
889,0,87609733c25b55663815e9e953849c083c4f6149
891,0,58502ebe0e45eab6f0ca6dd8624cb9eac55ae961
892,0,56bcc2f1b8abbaba6f695f07af3c5bf69dd60173
899,0,d2bf0a304c9da2a4cb3d58673eb38c3c2619bab7
901,0,2f31bc6d639a724f60880118789b418d21a65564
904,0,4571675a785cf27b01455331d41629d0aa0c4c6d
906,0,3755ebbca2bc019cea1633897c97b08a6bad4e71
913,0,0a989a943c2c5971ee5fbc6daa7a58abd641e83a
914,0,9b5a6543d5bcca85176ac19d1c5fca80911fbb2e
917,0,e97c9f71197fcea5cddc0f7c36f16df1714fb0bb
918,0,ea43e9de6d23aaf93ff60ff5e0850471cfe39826
919,0,59870b0de3687b1eb1bd0e38353803077c764590
925,0,0d97a7da226d93b8b87467efde523aa2120ceabc
926,0,0d97a7da226d93b8b87467efde523aa2120ceabc
930,0,251930b6f131025423207a8a3ea02c21b50bf400
931,0,f24a28a51520844e5580408bf7290e79e6a0acf1
932,0,f38881bd757d7a30857ae4e12bbdc7b81338b6bf
933,0,0cf9b6917590b2c743a38003b11b477589d80d77
940,0,1862a6ff9b98782d8444f673c1c75a893074c7ea
942,0,259df1b53212b181f0e7da7cd0735eb008e66229
943,0,367dcd841167d003ac172edafd05b843d10ef8ee
946,0,1551fd2fcd0c41409a26f5c8c32c25d99e059eb4
948,0,8daf2b340822d9165fb25e326a7c2a7fe74c915b
962,0,5eb5d125bb5170aa5bac2136ae14079a80fc3e75
975,0,440d0439d1555479f601a5ac86ae635fa2b8701f
982,0,1e1c39644fa2efe85b0042a83269f13debdbad6d
985,0,956f022fab3a625cadee5777213d33dd89996700
986,0,41bef7c0b619c7bc925326451a56071b5736580a
